Insert into Publishers(PublisherId,Publisher)
Values 
('E7206705-DF7C-49DB-A388-EE5D820503B0', 'A Publisher 1')
,('E7206705-DF7C-49DB-A388-EE5D820503B1', 'B Publisher 2')
,('E7206705-DF7C-49DB-A388-EE5D820503B2', 'C Publisher 3')
,('E7206705-DF7C-49DB-A388-EE5D820503B3', 'D Publisher 4')
,('E7206705-DF7C-49DB-A388-EE5D820503B4', 'E Publisher 5')
,('E7206705-DF7C-49DB-A388-EE5D820503B5', 'F Publisher 6')
,('E7206705-DF7C-49DB-A388-EE5D820503B6', 'G Publisher 7')
,('E7206705-DF7C-49DB-A388-EE5D820503B7', 'A Publisher 8')
,('E7206705-DF7C-49DB-A388-EE5D820503B8', 'B Publisher 9')
,('E7206705-DF7C-49DB-A388-EE5D820503B9', 'C Publisher 10')

go

Insert into Authors(AuthorId,AuthorFirstName,AuthorLastName)
Values 
('07206705-DF7C-49DB-A388-EE5D820503B0', 'Adam','Jones')
,('17206705-DF7C-49DB-A388-EE5D820503B0', 'Brian','Edwards')
,('27206705-DF7C-49DB-A388-EE5D820503B0', 'Bob','Wheeler')
,('37206705-DF7C-49DB-A388-EE5D820503B0', 'John','Smith')
,('47206705-DF7C-49DB-A388-EE5D820503B0', 'Joe','Doe')
go

Insert into Books(PublisherId, AuthorId,Title,Price, SubTitle,BookEdition,MinimumPages,MaximumPages,PublishedDate,PublishedLocation)
Values 
('E7206705-DF7C-49DB-A388-EE5D820503B0','07206705-DF7C-49DB-A388-EE5D820503B0', 'Book 1 From Adam Jones', 0.99,'Sub Title 1','',124,130,'1/1/1987','London')
,('E7206705-DF7C-49DB-A388-EE5D820503B0','07206705-DF7C-49DB-A388-EE5D820503B0', 'Book 2 From Adam Jones', 5.99,'','2nd Edition',15,20,'5/1/2007','Paris')
,('E7206705-DF7C-49DB-A388-EE5D820503B0','07206705-DF7C-49DB-A388-EE5D820503B0', 'Book 3 From Adam Jones', 55.99,'Illustrated','',240,2500,'2/1/1997','Australia')
,('E7206705-DF7C-49DB-A388-EE5D820503B1','07206705-DF7C-49DB-A388-EE5D820503B0', 'Book 4 From Adam Jones', 15.00,'','',20,23,'10/2/2017','Chennai')
,('E7206705-DF7C-49DB-A388-EE5D820503B1','07206705-DF7C-49DB-A388-EE5D820503B0', 'Book 5 From Adam Jones', 10.99,'','',1240,1250,'11/1/2001','New York')

,('E7206705-DF7C-49DB-A388-EE5D820503B0','17206705-DF7C-49DB-A388-EE5D820503B0', 'Book 1 From Brian Edwards', 10.99,'Sub Title abc','',12,13,'1/1/2002','Los Angeles')
,('E7206705-DF7C-49DB-A388-EE5D820503B1','17206705-DF7C-49DB-A388-EE5D820503B0', 'Book 2 From Brian Edwards', 3.99,'Sub Title xyz','',98,100,'2/1/2003','Brisbane')
,('E7206705-DF7C-49DB-A388-EE5D820503B2','17206705-DF7C-49DB-A388-EE5D820503B0', 'Book 3 From Brian Edwards', 5.99,'German Edition','3rd Ed.',124,130,'3/1/2004','Germany')
,('E7206705-DF7C-49DB-A388-EE5D820503B3','17206705-DF7C-49DB-A388-EE5D820503B0', 'Book 4 From Brian Edwards', 1.00,'I am not Sure','',100,101,'4/1/2005','London')
,('E7206705-DF7C-49DB-A388-EE5D820503B4','17206705-DF7C-49DB-A388-EE5D820503B0', 'Book 5 From Brian Edwards', 1.99,'Sub Title A','',200,210,'5/1/2006','Paris')
,('E7206705-DF7C-49DB-A388-EE5D820503B5','17206705-DF7C-49DB-A388-EE5D820503B0', 'Book 6 From Brian Edwards', 10.99,'Sub Title B','',290,305,'6/1/2007','Australia')
,('E7206705-DF7C-49DB-A388-EE5D820503B6','17206705-DF7C-49DB-A388-EE5D820503B0', 'Book 7 From Brian Edwards', 3.99,'Sub Title C','',300,310,'7/1/2008','Bengaluru')
,('E7206705-DF7C-49DB-A388-EE5D820503B7','17206705-DF7C-49DB-A388-EE5D820503B0', 'Book 8 From Brian Edwards', 5.99,'Sub Title D','',398,400,'8/1/2009','New Delhi')
,('E7206705-DF7C-49DB-A388-EE5D820503B8','17206705-DF7C-49DB-A388-EE5D820503B0', 'Book 9 From Brian Edwards', 1.00,'Sub Title E','',401,420,'9/1/2010','Seattle')
,('E7206705-DF7C-49DB-A388-EE5D820503B9','17206705-DF7C-49DB-A388-EE5D820503B0', 'Book 10 From Brian Edwards', 1.99,'Sub Title F','',495,500,'10/1/2010','London')

,('E7206705-DF7C-49DB-A388-EE5D820503B0','27206705-DF7C-49DB-A388-EE5D820503B0', 'Book 1 From Bob Wheeler', 10.99,'Sub Title G','',1241,1243,'11/1/2000','London')
,('E7206705-DF7C-49DB-A388-EE5D820503B0','27206705-DF7C-49DB-A388-EE5D820503B0', 'Book 2 From Bob Wheeler', 3.99,'Sub Title H','',1242,1260,'12/1/2001','Paris')
,('E7206705-DF7C-49DB-A388-EE5D820503B2','27206705-DF7C-49DB-A388-EE5D820503B0', 'Book 3 From Bob Wheeler', 5.99,'Sub Title I','',1243,1253,'1/1/2002','New York')
,('E7206705-DF7C-49DB-A388-EE5D820503B2','27206705-DF7C-49DB-A388-EE5D820503B0', 'Book 4 From Bob Wheeler', 1.00,'Sub Title J','',1244,1246,'2/1/2003','Wellington')
,('E7206705-DF7C-49DB-A388-EE5D820503B3','27206705-DF7C-49DB-A388-EE5D820503B0', 'Book 5 From Bob Wheeler', 1.99,'Sub Title K','',1245,1253,'3/1/2004','Oxford')
,('E7206705-DF7C-49DB-A388-EE5D820503B3','27206705-DF7C-49DB-A388-EE5D820503B0', 'Book 6 From Bob Wheeler', 10.99,'Sub Title L','',1264,1280,'4/1/2005','Los Angeles')
,('E7206705-DF7C-49DB-A388-EE5D820503B4','27206705-DF7C-49DB-A388-EE5D820503B0', 'Book 7 From Bob Wheeler', 3.99,'Sub Title M','',1247,1250,'5/1/2006','Washington')
,('E7206705-DF7C-49DB-A388-EE5D820503B4','27206705-DF7C-49DB-A388-EE5D820503B0', 'Book 8 From Bob Wheeler', 5.99,'Sub Title N','',1248,1250,'6/1/2007','Miami')
,('E7206705-DF7C-49DB-A388-EE5D820503B5','27206705-DF7C-49DB-A388-EE5D820503B0', 'Book 9 From Bob Wheeler', 1.00,'Sub Title O','',1249,1260,'7/1/2008','Seattle')
,('E7206705-DF7C-49DB-A388-EE5D820503B5','27206705-DF7C-49DB-A388-EE5D820503B0', 'Book 10 From Bob Wheeler', 1.99,'Sub Title P','',2240,2250,'8/1/2009','London')

,('E7206705-DF7C-49DB-A388-EE5D820503B6','37206705-DF7C-49DB-A388-EE5D820503B0', 'Book 1 From John Smith', 10.99,'Sub Title Q','',2124,2130,'9/1/2000','London')
,('E7206705-DF7C-49DB-A388-EE5D820503B6','37206705-DF7C-49DB-A388-EE5D820503B0', 'Book 2 From John Smith', 3.99,'Sub Title R','',3124,3130,'10/1/2001','London')
,('E7206705-DF7C-49DB-A388-EE5D820503B7','37206705-DF7C-49DB-A388-EE5D820503B0', 'Book 3 From John Smith', 5.99,'Sub Title S','',4124,4130,'11/1/2002','London')
,('E7206705-DF7C-49DB-A388-EE5D820503B7','37206705-DF7C-49DB-A388-EE5D820503B0', 'Book 4 From John Smith', 1.00,'Sub Title T','',5124,5130,'12/1/2003','London')
,('E7206705-DF7C-49DB-A388-EE5D820503B8','37206705-DF7C-49DB-A388-EE5D820503B0', 'Book 5 From John Smith', 1.99,'Sub Title U','',6124,6130,'1/1/2004','London')
,('E7206705-DF7C-49DB-A388-EE5D820503B8','37206705-DF7C-49DB-A388-EE5D820503B0', 'Book 6 From John Smith', 10.99,'Sub Title V','',7124,7130,'2/1/2005','London')
,('E7206705-DF7C-49DB-A388-EE5D820503B9','37206705-DF7C-49DB-A388-EE5D820503B0', 'Book 7 From John Smith', 3.99,'Sub Title W','',8124,8130,'3/1/2006','London')
,('E7206705-DF7C-49DB-A388-EE5D820503B9','37206705-DF7C-49DB-A388-EE5D820503B0', 'Book 8 From John Smith', 5.99,'Sub Title X','',9124,9130,'4/1/2007','London')
,('E7206705-DF7C-49DB-A388-EE5D820503B1','37206705-DF7C-49DB-A388-EE5D820503B0', 'Book 9 From John Smith', 1.00,'Sub Title Y','',12,20,'5/1/2008','London')
,('E7206705-DF7C-49DB-A388-EE5D820503B1','37206705-DF7C-49DB-A388-EE5D820503B0', 'Book 10 From John Smith', 1.99,'Sub Title Z','',22,30,'6/1/2009','London')

,('E7206705-DF7C-49DB-A388-EE5D820503B6','47206705-DF7C-49DB-A388-EE5D820503B0', 'Book 1 From Joe Doe', 10.99,'Sub Title 1','',33,37,'7/1/2000','Miami')
,('E7206705-DF7C-49DB-A388-EE5D820503B6','47206705-DF7C-49DB-A388-EE5D820503B0', 'Book 2 From Joe Doe', 3.99,'Sub Title 2','',44,50,'8/1/2001','Miami')
,('E7206705-DF7C-49DB-A388-EE5D820503B7','47206705-DF7C-49DB-A388-EE5D820503B0', 'Book 3 From Joe Doe', 5.99,'Sub Title 3','',55,63,'9/1/2002','Miami')
,('E7206705-DF7C-49DB-A388-EE5D820503B7','47206705-DF7C-49DB-A388-EE5D820503B0', 'Book 4 From Joe Doe', 1.00,'Sub Title 4','',66,73,'10/1/2003','Miami')
,('E7206705-DF7C-49DB-A388-EE5D820503B8','47206705-DF7C-49DB-A388-EE5D820503B0', 'Book 5 From Joe Doe', 1.99,'Sub Title 5','',77,80,'11/1/2004','Miami')
,('E7206705-DF7C-49DB-A388-EE5D820503B8','47206705-DF7C-49DB-A388-EE5D820503B0', 'Book 6 From Joe Doe', 10.99,'Sub Title 6','',88,90,'12/1/2005','Miami')
,('E7206705-DF7C-49DB-A388-EE5D820503B9','47206705-DF7C-49DB-A388-EE5D820503B0', 'Book 7 From Joe Doe', 3.99,'Sub Title 7','',99,102,'1/1/2006','Miami')
,('E7206705-DF7C-49DB-A388-EE5D820503B9','47206705-DF7C-49DB-A388-EE5D820503B0', 'Book 8 From Joe Doe', 5.99,'Sub Title 8','',111,121,'2/1/2007','Miami')
,('E7206705-DF7C-49DB-A388-EE5D820503B1','47206705-DF7C-49DB-A388-EE5D820503B0', 'Book 9 From Joe Doe', 1.00,'Sub Title 9','',222,231,'3/1/2008','Miami')
,('E7206705-DF7C-49DB-A388-EE5D820503B1','47206705-DF7C-49DB-A388-EE5D820503B0', 'Book 10 From Joe Doe', 1.99,'Sub Title 0','',333,335,'4/1/2009','Miami')

go
